{"cameraMode":{"drawMode":0,"name":"Shaded","section":"Shading Mode"},"sceneLighting":true,"audioPlay":false,"sceneViewState":{"showFog":true,"showMaterialUpdate":false,"showSkybox":true,"showFlares":true,"showImageEffects":true,"showParticleSystems":true},"in2DMode":false,"pivot":{"x":1.0514479875564576,"y":-1.9903688430786133,"z":10.967737197875977},"rotation":{"x":-0.20715449750423432,"y":-0.03609304502606392,"z":0.007648142985999584,"w":-0.9776127934455872},"size":33.614532470703128,"orthographic":false}