{"cameraMode":{"drawMode":0,"name":"Shaded","section":"Shading Mode"},"sceneLighting":true,"audioPlay":false,"sceneViewState":{"showFog":true,"showMaterialUpdate":false,"showSkybox":true,"showFlares":true,"showImageEffects":true,"showParticleSystems":true},"in2DMode":false,"pivot":{"x":704.2095947265625,"y":434.91192626953127,"z":-40.764892578125},"rotation":{"x":-0.12444720417261124,"y":-0.024706512689590455,"z":0.0030997798312455417,"w":-0.9919142127037048},"size":1013.0764770507813,"orthographic":false}